githttps://city.imd.gov.in/citywx/city_weather.php?id=42182,New Delhi-Safdarjung,38.2,18.5,NIL,27,18:42,06:06,02:18,12:45,Mainly Clear sky,07-Apr,Mainly Clear sky,08-Apr,Mainly Clear sky,09-Apr,Mainly Clear sky,10-Apr,Partly cloudy sky,11-Apr,Partly cloudy sky,12-Apr,Mainly Clear sky
https://city.imd.gov.in/citywx/city_weather.php?id=43295,Bengaluru-City,33.3,23.4,0.1,40,18:32,06:13,01:41,13:17,Generally cloudy sky with one or two spells of rain or thundershowers,07-Apr,Generally cloudy sky with one or two spells of rain or thundershowers,08-Apr,Partly cloudy sky,09-Apr,Partly cloudy sky,10-Apr,Partly cloudy sky,11-Apr,Partly cloudy sky,"",""
https://city.imd.gov.in/citywx/city_weather.php?id=90059,Kumarakom,34.2,25.0,NIL,NA,18:35,06:19,01:38,13:29,Generally cloudy sky with one or two spells of rain or thundershowers,07-Apr,Partly cloudy sky with one or two spells of rain or thundershowers,08-Apr,Partly cloudy sky with one or two spells of rain or thundershowers,09-Apr,Partly cloudy sky with one or two spells of rain or thundershowers,10-Apr,Partly cloudy sky with one or two spells of rain or thundershowers,11-Apr,Partly cloudy sky with possibility of rain or Thunderstorm,12-Apr,Partly cloudy sky with possibility of rain or Thunderstorm
https://city.imd.gov.in/citywx/city_weather.php?id=42139,Meerut,37.0,19.2,NIL,26,18:40,06:04,02:18,12:42,Mainly Clear sky,07-Apr,Mainly Clear sky,08-Apr,Strong surface winds during day time,09-Apr,Strong surface winds during day time,10-Apr,Strong surface winds during day time,11-Apr,Partly cloudy sky,12-Apr,Partly cloudy sky
https://city.imd.gov.in/citywx/city_weather.php?id=42063,Keylong,NA,0.5,NIL,NA,18:44,06:05,01:43,11:29,Mainly Clear sky,07-Apr,Mainly Clear sky,08-Apr,Partly cloudy sky,09-Apr,Rain or Snow,10-Apr,Rain or Snow,11-Apr,Rain,12-Apr,Rain
https://city.imd.gov.in/citywx/city_weather.php?id=42031,Kupwara,26.2,4.6,NIL,36,18:57,06:13,02:47,12:41,Partly cloudy sky becoming generally cloudy towards afternoon or evening or night,07-Apr,Partly cloudy sky becoming generally cloudy towards afternoon or evening or night,08-Apr,Partly cloudy sky becoming generally cloudy towards afternoon or evening or night,09-Apr,Generally cloudy sky with possibility of rain or Thunderstorm or Duststorm,10-Apr,Generally cloudy sky with possibility of rain or Thunderstorm or Duststorm,11-Apr,Generally cloudy sky with possibility of rain or Thunderstorm,12-Apr,Mainly Clear sky
https://city.imd.gov.in/citywx/city_weather.php?id=42054,Katra,33.0,17.8,NIL,40,18:54,06:12,02:40,12:43,Partly cloudy sky,07-Apr,Partly cloudy sky,08-Apr,Partly cloudy sky becoming generally cloudy towards afternoon or evening or night,09-Apr,Generally cloudy sky with possibility of rain or Thunderstorm or Duststorm,10-Apr,Generally cloudy sky with possibility of rain or Thunderstorm or Duststorm,11-Apr,Generally cloudy sky with possibility of rain or Thunderstorm,12-Apr,Generally cloudy sky
https://city.imd.gov.in/citywx/city_weather.php?id=42948,Rajnandgaon,38.2,-,NA,NA,18:22,05:55,01:44,12:46,Mainly Clear sky,07-Apr,Partly cloudy sky,08-Apr,Partly cloudy sky with possibility of rain or Thunderstorm or Duststorm,09-Apr,Partly cloudy sky with possibility of rain or Thunderstorm or Duststorm,10-Apr,Partly cloudy sky,11-Apr,Partly cloudy sky,12-Apr,Partly cloudy sky with possibility of rain or Thunderstorm
https://city.imd.gov.in/citywx/city_weather.php?id=43382,Nancowrie,30.0,23.0,33,NA,17:25,05:11,00:24,12:21,Generally cloudy sky with one or two spells of rain or thundershowers,07-Apr,Generally cloudy sky with a few spells of rain or thundershowers,08-Apr,Generally cloudy sky with one or two spells of rain or thundershowers,09-Apr,Generally cloudy sky with one or two spells of rain or thundershowers,10-Apr,Generally cloudy sky with one or two spells of rain or thundershowers,11-Apr,Generally cloudy sky with possibility of rain or Thunderstorm,12-Apr,Generally cloudy sky with possibility of rain or Thunderstorm
https://city.imd.gov.in/citywx/city_weather.php?id=43367,Carnicobar,31.0,25.0,4,NA,17:29,05:14,00:30,12:22,Generally cloudy sky with one or two spells of rain or thundershowers,07-Apr,Generally cloudy sky with a few spells of rain or thundershowers,08-Apr,Generally cloudy sky with one or two spells of rain or thundershowers,09-Apr,Generally cloudy sky with one or two spells of rain or thundershowers,10-Apr,Generally cloudy sky with one or two spells of rain or thundershowers,11-Apr,Generally cloudy sky with possibility of rain or Thunderstorm,12-Apr,Generally cloudy sky with possibility of rain or Thunderstorm
https://city.imd.gov.in/citywx/city_weather.php?id=43041,Jagdalpur,38.5,22.3,NIL,35,18:17,05:52,01:35,12:46,Partly cloudy sky,07-Apr,Partly cloudy sky,08-Apr,Partly cloudy sky with possibility of rain or Thunderstorm or Duststorm,09-Apr,Partly cloudy sky with possibility of rain or Thunderstorm or Duststorm,10-Apr,Partly cloudy sky with possibility of rain or Thunderstorm or Duststorm,11-Apr,Partly cloudy sky with possibility of rain or Thunderstorm,12-Apr,Partly cloudy sky
https://city.imd.gov.in/citywx/city_weather.php?id=42779,Pendra,39.0,21.8,NIL,21,18:19,05:50,01:45,12:39,Mainly Clear sky,07-Apr,Mainly Clear sky,08-Apr,Partly cloudy sky,09-Apr,Partly cloudy sky,10-Apr,Partly cloudy sky with possibility of rain or Thunderstorm or Duststorm,11-Apr,Partly cloudy sky,12-Apr,Partly cloudy sky with possibility of rain or Thunderstorm
https://city.imd.gov.in/citywx/city_weather.php?id=42571,Satna,39.9,21.3,NIL,16,18:25,05:54,01:53,12:39,Clear sky,07-Apr,Clear sky,08-Apr,Clear sky,09-Apr,Clear sky,10-Apr,Clear sky,11-Apr,Mainly Clear sky,12-Apr,Mainly Clear sky
https://city.imd.gov.in/citywx/city_weather.php?id=43128,Hyderabad,37.0,24.6,NIL,21,18:30,06:07,01:46,13:05,Partly cloudy sky with possibility of development of thunder lightning,07-Apr,Partly cloudy sky with possibility of development of thunder lightning,08-Apr,Partly cloudy sky with haze,09-Apr,Partly cloudy sky with haze,10-Apr,Partly cloudy sky with haze,11-Apr,Partly cloudy sky with possibility of rain or Thunderstorm,12-Apr,Partly cloudy sky with possibility of rain or Thunderstorm
https://city.imd.gov.in/citywx/city_weather.php?id=42798,Jamshedpur,40.3,24.4,NIL,18,18:02,05:33,01:27,12:21,Mainly Clear sky,07-Apr,Partly cloudy sky towards afternoon or evening,08-Apr,Partly cloudy sky with possibility of rain or Thunderstorm or Duststorm,09-Apr,Partly cloudy sky with possibility of rain or Thunderstorm or Duststorm,10-Apr,Partly cloudy sky with possibility of rain or Thunderstorm or Duststorm,11-Apr,Rain or Thundershowers,12-Apr,Rain or Thundershowers
https://city.imd.gov.in/citywx/city_weather.php?id=42782,Bilaspur,41.0,22.9,NIL,19,18:18,05:50,01:42,12:39,Mainly Clear sky,07-Apr,Mainly Clear sky,08-Apr,Partly cloudy sky,09-Apr,Partly cloudy sky with possibility of rain or Thunderstorm or Duststorm,10-Apr,Partly cloudy sky with possibility of rain or Thunderstorm or Duststorm,11-Apr,Partly cloudy sky,12-Apr,Partly cloudy sky with possibility of rain or Thunderstorm
https://city.imd.gov.in/citywx/city_weather.php?id=42066,Kalpa,23.4,5.4,NIL,20,18:39,06:00,02:22,12:33,Mainly Clear sky,07-Apr,Mainly Clear sky,08-Apr,Partly cloudy sky,09-Apr,Generally cloudy sky with Light rain,10-Apr,Generally cloudy sky with Light rain,11-Apr,Rain,12-Apr,Rain
https://city.imd.gov.in/citywx/city_weather.php?id=42081,Kullu,32.8,8.4,NIL,32,18:44,06:04,02:28,12:37,Mainly Clear sky,07-Apr,Mainly Clear sky,08-Apr,Partly cloudy sky,09-Apr,Thunderstorm with rain,10-Apr,Thunderstorm with rain,11-Apr,Rain,12-Apr,Rain
https://city.imd.gov.in/citywx/city_weather.php?id=43333,Port Blair,29.6,24.7,13,81,17:30,05:13,00:35,12:17,Generally cloudy sky with a few spells of rain or thundershowers,07-Apr,Generally cloudy sky with a few spells of rain or thundershowers,08-Apr,Generally cloudy sky with one or two spells of rain or thundershowers,09-Apr,Generally cloudy sky with one or two spells of rain or thundershowers,10-Apr,Generally cloudy sky with one or two spells of rain or thundershowers,11-Apr,Generally cloudy sky with possibility of rain or Thunderstorm,12-Apr,Generally cloudy sky with possibility of rain or Thunderstorm
https://city.imd.gov.in/citywx/city_weather.php?id=42693,Ambikapur,37.5,19.0,NIL,17,18:15,05:46,01:41,12:33,Mainly Clear sky,07-Apr,Mainly Clear sky,08-Apr,Partly cloudy sky,09-Apr,Partly cloudy sky,10-Apr,Partly cloudy sky with possibility of rain or Thunderstorm or Duststorm,11-Apr,Partly cloudy sky,12-Apr,Partly cloudy sky
https://city.imd.gov.in/citywx/city_weather.php?id=8205,Chamba,NA,11.2,NIL,NA,18:49,06:07,02:34,12:39,Mainly Clear sky,07-Apr,Mainly Clear sky,08-Apr,Partly cloudy sky,09-Apr,Thunderstorm with rain,10-Apr,Thunderstorm with rain,11-Apr,Rain,12-Apr,Partly cloudy sky
https://city.imd.gov.in/citywx/city_weather.php?id=42874,Raipur-Lalpur,40.8,24.9,NIL,27,18:20,05:52,01:42,12:43,Mainly Clear sky,07-Apr,Mainly Clear sky,08-Apr,Partly cloudy sky with possibility of rain or Thunderstorm or Duststorm,09-Apr,Partly cloudy sky with possibility of rain or Thunderstorm or Duststorm,10-Apr,Partly cloudy sky,11-Apr,Partly cloudy sky,12-Apr,Partly cloudy sky with possibility of rain or Thunderstorm
https://city.imd.gov.in/citywx/city_weather.php?id=42079,Sundernagar,34.3,12.0,NIL,34,18:45,06:05,02:28,12:39,Mainly Clear sky,07-Apr,Mainly Clear sky,08-Apr,Mainly Clear sky,09-Apr,Partly cloudy sky,10-Apr,Partly cloudy sky,11-Apr,Rain,12-Apr,Partly cloudy sky
https://city.imd.gov.in/citywx/city_weather.php?id=42083,Shimla-City,25.5,14.5,NIL,88,18:43,06:04,02:25,12:39,Mainly Clear sky,07-Apr,Mainly Clear sky,08-Apr,Partly cloudy sky,09-Apr,Partly cloudy sky,10-Apr,Generally cloudy sky with Light rain,11-Apr,Rain,12-Apr,Partly cloudy sky
https://city.imd.gov.in/citywx/city_weather.php?id=90135,Kufri,NA,8.9,NIL,NA,--,--,--,--,Mainly Clear sky,07-Apr,Mainly Clear sky,08-Apr,Partly cloudy sky,09-Apr,Partly cloudy sky,10-Apr,Generally cloudy sky with Light rain,11-Apr,Partly cloudy sky,12-Apr,Partly cloudy sky
https://city.imd.gov.in/citywx/city_weather.php?id=42077,Una,NA,11.4,NIL,NA,18:47,06:08,02:30,12:41,Mainly Clear sky,07-Apr,Mainly Clear sky,08-Apr,Mainly Clear sky,09-Apr,Partly cloudy sky,10-Apr,Generally cloudy sky with Light rain,11-Apr,Rain,12-Apr,Rain
https://city.imd.gov.in/citywx/city_weather.php?id=42027,Srinagar-City,26.2,7.6,NIL,27,18:55,06:11,02:44,12:40,Partly cloudy sky becoming generally cloudy towards afternoon or evening or night,07-Apr,Partly cloudy sky becoming generally cloudy towards afternoon or evening or night,08-Apr,Partly cloudy sky becoming generally cloudy towards afternoon or evening or night,09-Apr,Generally cloudy sky with Light rain,10-Apr,Generally cloudy sky with Light rain,11-Apr,Generally cloudy sky,12-Apr,Mainly Clear sky
https://city.imd.gov.in/citywx/city_weather.php?id=42028,Pahalgam,22.2,2.8,NIL,38,18:53,06:10,02:42,12:38,Partly cloudy sky becoming generally cloudy towards afternoon or evening or night,07-Apr,Partly cloudy sky becoming generally cloudy towards afternoon or evening or night,08-Apr,Partly cloudy sky with possibility of rain or Thunderstorm or Duststorm,09-Apr,Generally cloudy sky with possibility of rain or Thunderstorm or Duststorm,10-Apr,Generally cloudy sky with possibility of rain or Thunderstorm or Duststorm,11-Apr,Generally cloudy sky with possibility of rain or Thunderstorm,12-Apr,Generally cloudy sky
https://city.imd.gov.in/citywx/city_weather.php?id=42056,Jammu-City,35.0,18.1,NIL,33,18:54,06:12,02:40,12:44,Partly cloudy sky,07-Apr,Partly cloudy sky,08-Apr,Partly cloudy sky becoming generally cloudy towards afternoon or evening or night,09-Apr,Partly cloudy sky with possibility of rain or Thunderstorm or Duststorm,10-Apr,Partly cloudy sky with possibility of rain or Thunderstorm or Duststorm,11-Apr,Partly cloudy sky with Thundery development,12-Apr,Partly cloudy sky
https://city.imd.gov.in/citywx/city_weather.php?id=43314,kozhikode,34.8,26.0,NIL,66,18:38,06:21,01:44,13:28,Generally cloudy sky with one or two spells of rain or thundershowers,07-Apr,Partly cloudy sky with one or two spells of rain or thundershowers,08-Apr,Partly cloudy sky with one or two spells of rain or thundershowers,09-Apr,Partly cloudy sky with one or two spells of rain or thundershowers,10-Apr,Partly cloudy sky with one or two spells of rain or thundershowers,11-Apr,Partly cloudy sky with possibility of rain or Thunderstorm,12-Apr,Partly cloudy sky with possibility of rain or Thunderstorm
https://city.imd.gov.in/citywx/city_weather.php?id=43353,Kochi,33.0,25.2,NIL,70,18:35,06:19,01:40,13:29,Generally cloudy sky with one or two spells of rain or thundershowers,07-Apr,Partly cloudy sky with one or two spells of rain or thundershowers,08-Apr,Partly cloudy sky with one or two spells of rain or thundershowers,09-Apr,Partly cloudy sky with one or two spells of rain or thundershowers,10-Apr,Partly cloudy sky with one or two spells of rain or thundershowers,11-Apr,Partly cloudy sky with possibility of rain or Thunderstorm,12-Apr,Partly cloudy sky with possibility of rain or Thunderstorm
https://city.imd.gov.in/citywx/city_weather.php?id=43311,Amini Divi,35.5,27.7,NIL,70,18:50,06:33,01:57,13:41,Partly cloudy sky with one or two spells of rain or thundershowers,07-Apr,Partly cloudy sky with one or two spells of rain or thundershowers,08-Apr,Partly cloudy sky with one or two spells of rain or thundershowers,09-Apr,Partly cloudy sky with one or two spells of rain or thundershowers,10-Apr,Partly cloudy sky with one or two spells of rain or thundershowers,11-Apr,Partly cloudy sky with possibility of rain or Thunderstorm,12-Apr,Partly cloudy sky with possibility of rain or Thunderstorm
https://city.imd.gov.in/citywx/city_weather.php?id=43369,Minicoy,33.4,24.4,8,74,18:48,06:33,01:50,13:45,Partly cloudy sky with one or two spells of rain or thundershowers,07-Apr,Partly cloudy sky with one or two spells of rain or thundershowers,08-Apr,Partly cloudy sky with one or two spells of rain or thundershowers,09-Apr,Partly cloudy sky with one or two spells of rain or thundershowers,10-Apr,Partly cloudy sky with one or two spells of rain or thundershowers,11-Apr,Partly cloudy sky with possibility of rain or Thunderstorm,12-Apr,Partly cloudy sky with possibility of rain or Thunderstorm
https://city.imd.gov.in/citywx/city_weather.php?id=43083,"Medak
",37.8,20.8,NIL,73,18:31,06:07,01:49,13:04,Partly cloudy sky with haze,07-Apr,Partly cloudy sky with haze,08-Apr,Partly cloudy sky with haze,09-Apr,Partly cloudy sky with possibility of development of thunder lightning,10-Apr,Partly cloudy sky with possibility of development of thunder lightning,11-Apr,Partly cloudy sky with possibility of rain or Thunderstorm,12-Apr,Partly cloudy sky with haze
https://city.imd.gov.in/citywx/city_weather.php?id=43087,Hanamkonda,38.5,23.0,NIL,46,18:26,06:02,01:43,12:59,Partly cloudy sky with haze,07-Apr,Partly cloudy sky with haze,08-Apr,Partly cloudy sky with haze,09-Apr,Partly cloudy sky with possibility of development of thunder lightning,10-Apr,Partly cloudy sky with possibility of development of thunder lightning,11-Apr,Partly cloudy sky with possibility of rain or Thunderstorm,12-Apr,Partly cloudy sky with haze
https://city.imd.gov.in/citywx/city_weather.php?id=43025,"Adilabad
",41.3,24.2,NIL,41,18:31,06:06,01:51,13:00,Partly cloudy sky with haze,07-Apr,Partly cloudy sky with haze,08-Apr,Partly cloudy sky with haze,09-Apr,Partly cloudy sky with haze,10-Apr,Partly cloudy sky with haze,11-Apr,Partly cloudy sky with haze,12-Apr,Partly cloudy sky with haze
https://city.imd.gov.in/citywx/city_weather.php?id=42647,Ahmedabad,43.0,24.5,NIL,12,18:57,06:27,02:24,13:17,Clear sky,07-Apr,Clear sky,08-Apr,Clear sky,09-Apr,Clear sky,10-Apr,Clear sky,11-Apr,Sunny Day,12-Apr,Sunny Day
https://city.imd.gov.in/citywx/city_weather.php?id=43279,Chennai-Meenambakkam,36.1,25.8,0.1,74,18:21,06:02,01:30,13:07,Generally cloudy sky with Light rain,07-Apr,Partly cloudy sky,08-Apr,Partly cloudy sky,09-Apr,Partly cloudy sky,10-Apr,Partly cloudy sky,11-Apr,Partly cloudy sky,12-Apr,Rain
https://city.imd.gov.in/citywx/city_weather.php?id=43003,Mumbai-Santacruz,33.8,24.1,NIL,72,18:53,06:32,23:17,09:24,Mainly Clear sky,07-Apr,Mainly Clear sky,08-Apr,Mainly Clear sky,09-Apr,Mainly Clear sky,10-Apr,Partly cloudy sky,11-Apr,Partly cloudy sky,12-Apr,Partly cloudy sky
https://city.imd.gov.in/citywx/city_weather.php?id=43137,"Khammam
",39.4,25.0,NIL,48,18:23,06:00,01:39,12:58,Partly cloudy sky with possibility of development of thunder lightning,07-Apr,Partly cloudy sky with possibility of development of thunder lightning,08-Apr,Partly cloudy sky with possibility of development of thunder lightning,09-Apr,Partly cloudy sky with possibility of development of thunder lightning,10-Apr,Partly cloudy sky with possibility of development of thunder lightning,11-Apr,Partly cloudy sky with possibility of rain or Thunderstorm,12-Apr,Partly cloudy sky with possibility of rain or Thunderstorm
https://city.imd.gov.in/citywx/city_weather.php?id=42034,Leh,14.2,-0.6,NIL,11,18:44,06:01,02:33,12:28,Mainly Clear sky,07-Apr,Mainly Clear sky,08-Apr,Mainly Clear sky,09-Apr,Mainly Clear sky,10-Apr,Generally cloudy sky,11-Apr,Generally cloudy sky,12-Apr,Partly cloudy sky
https://city.imd.gov.in/citywx/city_weather.php?id=43086,Ramagundam,39.4,24.4,NIL,30,18:27,06:02,01:45,12:58,Partly cloudy sky with haze,07-Apr,Partly cloudy sky with haze,08-Apr,Partly cloudy sky with haze,09-Apr,Partly cloudy sky with haze,10-Apr,Partly cloudy sky with possibility of development of thunder lightning,11-Apr,Partly cloudy sky with possibility of rain or Thunderstorm,12-Apr,Partly cloudy sky with possibility of rain or Thunderstorm
https://city.imd.gov.in/citywx/city_weather.php?id=43081,Nizamabad,41.5,25.2,NIL,23,18:32,06:08,01:51,13:04,Partly cloudy sky with haze,07-Apr,Partly cloudy sky with haze,08-Apr,Partly cloudy sky with haze,09-Apr,Partly cloudy sky with haze,10-Apr,Partly cloudy sky with haze,11-Apr,Partly cloudy sky with possibility of rain or Thunderstorm,12-Apr,Partly cloudy sky with possibility of rain or Thunderstorm
https://city.imd.gov.in/citywx/city_weather.php?id=43354,Punalur,35.2,23.6,65,91,18:32,06:17,01:35,13:28,Generally cloudy sky with one or two spells of rain or thundershowers,07-Apr,Partly cloudy sky with one or two spells of rain or thundershowers,08-Apr,Partly cloudy sky with one or two spells of rain or thundershowers,09-Apr,Partly cloudy sky with one or two spells of rain or thundershowers,10-Apr,Partly cloudy sky with one or two spells of rain or thundershowers,11-Apr,Partly cloudy sky with possibility of rain or Thunderstorm,12-Apr,Partly cloudy sky with possibility of rain or Thunderstorm
https://city.imd.gov.in/citywx/city_weather.php?id=90061,Vellanikara,34.0,24.6,NIL,NA,18:36,06:19,01:41,13:28,Generally cloudy sky with one or two spells of rain or thundershowers,07-Apr,Partly cloudy sky with one or two spells of rain or thundershowers,08-Apr,Partly cloudy sky with one or two spells of rain or thundershowers,09-Apr,Partly cloudy sky with one or two spells of rain or thundershowers,10-Apr,Partly cloudy sky with one or two spells of rain or thundershowers,11-Apr,Partly cloudy sky with possibility of rain or Thunderstorm,12-Apr,Partly cloudy sky with possibility of rain or Thunderstorm
https://city.imd.gov.in/citywx/city_weather.php?id=30029,Palakkad,32.1,25.3,TRACE,NA,18:34,06:18,01:40,13:26,Generally cloudy sky with one or two spells of rain or thundershowers,07-Apr,Partly cloudy sky with one or two spells of rain or thundershowers,08-Apr,Partly cloudy sky with one or two spells of rain or thundershowers,09-Apr,Partly cloudy sky with one or two spells of rain or thundershowers,10-Apr,Partly cloudy sky with one or two spells of rain or thundershowers,11-Apr,Partly cloudy sky with possibility of rain or Thunderstorm,12-Apr,Partly cloudy sky with possibility of rain or Thunderstorm
https://city.imd.gov.in/citywx/city_weather.php?id=43372,Thiruvananthapuram-Airport,33.8,26.6,TRACE,69,18:32,06:17,01:34,13:29,Generally cloudy sky with one or two spells of rain or thundershowers,07-Apr,Partly cloudy sky with one or two spells of rain or thundershowers,08-Apr,Partly cloudy sky with one or two spells of rain or thundershowers,09-Apr,Partly cloudy sky with one or two spells of rain or thundershowers,10-Apr,Partly cloudy sky with one or two spells of rain or thundershowers,11-Apr,Partly cloudy sky with possibility of rain or Thunderstorm,12-Apr,Partly cloudy sky with possibility of rain or Thunderstorm
https://city.imd.gov.in/citywx/city_weather.php?id=43063,Pune-Shivajinagar,39.2,17.6,NIL,14,18:49,06:25,02:08,13:22,Mainly Clear sky,07-Apr,Mainly Clear sky,08-Apr,Mainly clear sky becoming partly cloudy towards afternoon or evening,09-Apr,Mainly clear sky becoming partly cloudy towards afternoon or evening,10-Apr,Mainly clear sky becoming partly cloudy towards afternoon or evening,11-Apr,Partly cloudy sky,12-Apr,Partly cloudy sky
https://city.imd.gov.in/citywx/city_weather.php?id=42807,Kolkata-Alipur,36.3,27.2,NIL,60,17:54,05:25,01:17,12:13,Partly cloudy sky with possibility of moderate rain or Thunderstorm,07-Apr,Partly cloudy sky with possibility of development of thunder lightning,08-Apr,Partly cloudy sky with possibility of development of thunder lightning,09-Apr,Partly cloudy sky with possibility of development of thunder lightning,10-Apr,Partly cloudy sky with possibility of development of thunder lightning,11-Apr,Partly cloudy sky with possibility of rain or Thunderstorm,12-Apr,Partly cloudy sky with possibility of rain or Thunderstorm
https://city.imd.gov.in/citywx/city_weather.php?id=43371,Thiruvananthapuram-City,34.8,25.1,TRACE,98,18:32,06:17,01:34,13:29,Generally cloudy sky with one or two spells of rain or thundershowers,07-Apr,Partly cloudy sky with one or two spells of rain or thundershowers,08-Apr,Partly cloudy sky with one or two spells of rain or thundershowers,09-Apr,Partly cloudy sky with one or two spells of rain or thundershowers,10-Apr,Partly cloudy sky with possibility of rain or Thunderstorm,11-Apr,Partly cloudy sky with possibility of rain or Thunderstorm,"",""
https://city.imd.gov.in/citywx/city_weather.php?id=42876,Durg,38.8,-,NA,NA,18:21,05:54,01:43,12:45,Mainly Clear sky,07-Apr,Mainly Clear sky,08-Apr,Partly cloudy sky with possibility of rain or Thunderstorm or Duststorm,09-Apr,Partly cloudy sky,10-Apr,Partly cloudy sky,11-Apr,Partly cloudy sky,12-Apr,Partly cloudy sky with possibility of rain or Thunderstorm
https://city.imd.gov.in/citywx/city_weather.php?id=43315,Kannur,34.4,25.6,NIL,64,18:40,06:22,01:48,13:29,Generally cloudy sky with one or two spells of rain or thundershowers,07-Apr,Partly cloudy sky with one or two spells of rain or thundershowers,08-Apr,Partly cloudy sky with one or two spells of rain or thundershowers,09-Apr,Partly cloudy sky with one or two spells of rain or thundershowers,10-Apr,Partly cloudy sky with one or two spells of rain or thundershowers,11-Apr,Partly cloudy sky with possibility of rain or Thunderstorm,12-Apr,Partly cloudy sky with possibility of rain or Thunderstorm
https://city.imd.gov.in/citywx/city_weather.php?id=43355,Kottayam,34.5,23.2,47,66,18:34,06:18,01:37,13:28,Generally cloudy sky with one or two spells of rain or thundershowers,07-Apr,Partly cloudy sky with one or two spells of rain or thundershowers,08-Apr,Partly cloudy sky with one or two spells of rain or thundershowers,09-Apr,Partly cloudy sky with one or two spells of rain or thundershowers,10-Apr,Partly cloudy sky with one or two spells of rain or thundershowers,11-Apr,Partly cloudy sky with possibility of rain or Thunderstorm,12-Apr,Partly cloudy sky with possibility of rain or Thunderstorm
https://city.imd.gov.in/citywx/city_weather.php?id=30010,Varkala,34.1,25.1,NIL,NA,18:33,06:18,01:35,13:29,Generally cloudy sky with one or two spells of rain or thundershowers,07-Apr,Partly cloudy sky with one or two spells of rain or thundershowers,08-Apr,Partly cloudy sky with one or two spells of rain or thundershowers,09-Apr,Partly cloudy sky with one or two spells of rain or thundershowers,10-Apr,Partly cloudy sky with one or two spells of rain or thundershowers,11-Apr,Partly cloudy sky with possibility of rain or Thunderstorm,12-Apr,Partly cloudy sky with possibility of rain or Thunderstorm
https://city.imd.gov.in/citywx/city_weather.php?id=43266,Agati,33.2,28.2,NIL,67,18:51,06:34,01:57,13:43,Partly cloudy sky with one or two spells of rain or thundershowers,07-Apr,Partly cloudy sky with one or two spells of rain or thundershowers,08-Apr,Partly cloudy sky with one or two spells of rain or thundershowers,09-Apr,Partly cloudy sky with one or two spells of rain or thundershowers,10-Apr,Partly cloudy sky with one or two spells of rain or thundershowers,11-Apr,Partly cloudy sky with possibility of rain or Thunderstorm,12-Apr,Partly cloudy sky with possibility of rain or Thunderstorm
https://city.imd.gov.in/citywx/city_weather.php?id=50001,Madhubani,36.8,19.0,NIL,NA,18:05,05:32,01:36,12:13,Partly cloudy sky,07-Apr,Mainly Clear sky,08-Apr,Partly cloudy sky with possibility of rain or Thunderstorm or Duststorm,09-Apr,Partly cloudy sky with possibility of rain or Thunderstorm or Duststorm,10-Apr,Partly cloudy sky with possibility of rain or Thunderstorm or Duststorm,11-Apr,Partly cloudy sky with possibility of rain or Thunderstorm,12-Apr,Partly cloudy sky with possibility of rain or Thunderstorm
https://city.imd.gov.in/citywx/city_weather.php?id=90060,Munnar,NA,13.9,6.5,NA,18:32,06:17,00:42,12:28,Generally cloudy sky with one or two spells of rain or thundershowers,07-Apr,Partly cloudy sky with one or two spells of rain or thundershowers,08-Apr,Partly cloudy sky with one or two spells of rain or thundershowers,09-Apr,Partly cloudy sky with one or two spells of rain or thundershowers,10-Apr,Partly cloudy sky with one or two spells of rain or thundershowers,11-Apr,Partly cloudy sky with possibility of rain or Thunderstorm,12-Apr,Partly cloudy sky with possibility of rain or Thunderstorm
https://city.imd.gov.in/citywx/city_weather.php?id=42348,Jaipur-AMO Jaipur,40.7,23.3,NIL,20,18:46,06:12,02:20,12:55,Mainly Clear sky,07-Apr,Heat Wave,08-Apr,Heat Wave,09-Apr,Heat Wave,10-Apr,Heat Wave,11-Apr,Partly cloudy sky,12-Apr,Partly cloudy sky
https://city.imd.gov.in/citywx/city_weather.php?id=42147,Mukteshwar,25.1,10.6,NIL,31,18:32,05:55,02:11,12:32,Mainly Clear sky,07-Apr,Mainly Clear sky,08-Apr,Partly cloudy sky,09-Apr,Partly cloudy sky with possibility of rain or Thunderstorm or Duststorm,10-Apr,Thunderstorm with rain,11-Apr,Partly cloudy sky with possibility of rain or Thunderstorm,12-Apr,Partly cloudy sky with possibility of rain or Thunderstorm
https://city.imd.gov.in/citywx/city_weather.php?id=99912,Almora,-,NA,NA,NA,18:33,05:55,02:11,12:32,Mainly Clear sky,07-Apr,Mainly Clear sky,08-Apr,Mainly Clear sky,09-Apr,Partly cloudy sky with possibility of development of thunder lightning,10-Apr,Partly cloudy sky with possibility of rain or Thunderstorm,11-Apr,Partly cloudy sky with possibility of rain or Thunderstorm,"",""
https://city.imd.gov.in/citywx/city_weather.php?id=42148,Pantnagar,36.6,12.6,NIL,27,18:33,05:56,02:10,12:34,Mainly Clear sky,07-Apr,Mainly Clear sky,08-Apr,Mainly Clear sky,09-Apr,Partly cloudy sky,10-Apr,Thunderstorm with rain,11-Apr,Partly cloudy sky with possibility of rain or Thunderstorm,12-Apr,Partly cloudy sky with possibility of rain or Thunderstorm
https://city.imd.gov.in/citywx/city_weather.php?id=42137,Karnal,36.0,-,NIL,NA,18:43,06:06,02:22,12:43,Mainly Clear sky,07-Apr,Mainly Clear sky,08-Apr,Mainly Clear sky,09-Apr,Partly cloudy sky,10-Apr,Partly cloudy sky,11-Apr,Partly cloudy sky with possibility of rain or Thunderstorm,12-Apr,Mainly Clear sky
https://city.imd.gov.in/citywx/city_weather.php?id=42220,Pasighat,29.5,17.2,4,65,17:29,04:53,01:02,11:30,Generally cloudy sky,07-Apr,Partly cloudy sky,08-Apr,Partly cloudy sky,09-Apr,Partly cloudy sky,10-Apr,Generally cloudy sky with Light rain,11-Apr,Rain,12-Apr,Rain
https://city.imd.gov.in/citywx/city_weather.php?id=42748,Baroda,41.8,24.8,NIL,14,18:54,06:25,02:19,13:16,Clear sky,07-Apr,Clear sky,08-Apr,Clear sky,09-Apr,Mainly Clear sky,10-Apr,Mainly Clear sky,11-Apr,Mainly Clear sky,12-Apr,Sunny Day
https://city.imd.gov.in/citywx/city_weather.php?id=42299,Gangtok,20.1,14.3,NIL,65,17:55,05:21,01:28,12:00,Generally cloudy sky with a few spells of rain or thundershowers,07-Apr,Partly cloudy sky with one or two spells of rain or thundershowers,08-Apr,Generally cloudy sky with Light rain,09-Apr,Generally cloudy sky with one or two spells of rain or thundershowers,10-Apr,Generally cloudy sky with Light rain,11-Apr,Rain,12-Apr,Rain
https://city.imd.gov.in/citywx/city_weather.php?id=42973,Chandbali,39.2,26.8,NIL,72,17:59,05:32,01:20,12:23,Partly cloudy sky,07-Apr,Partly cloudy sky,08-Apr,Partly cloudy sky,09-Apr,Partly cloudy sky with possibility of rain or Thunderstorm or Duststorm,10-Apr,Partly cloudy sky with possibility of rain or Thunderstorm or Duststorm,11-Apr,Rain or Thundershowers,12-Apr,Rain or Thundershowers
https://city.imd.gov.in/citywx/city_weather.php?id=43053,Puri,35.0,27.6,NIL,81,18:02,05:36,01:21,12:29,Partly cloudy sky,07-Apr,Partly cloudy sky,08-Apr,Partly cloudy sky,09-Apr,Partly cloudy sky with possibility of rain or Thunderstorm or Duststorm,10-Apr,Partly cloudy sky with possibility of rain or Thunderstorm or Duststorm,11-Apr,Partly cloudy sky with possibility of rain or Thunderstorm,12-Apr,Partly cloudy sky with possibility of rain or Thunderstorm
https://city.imd.gov.in/citywx/city_weather.php?id=42886,Jharsuguda,41.0,22.4,NIL,25,18:10,05:42,01:33,12:32,Mainly Clear sky,07-Apr,Mainly Clear sky,08-Apr,Partly cloudy sky,09-Apr,Partly cloudy sky,10-Apr,Partly cloudy sky,11-Apr,Partly cloudy sky,12-Apr,Partly cloudy sky
https://city.imd.gov.in/citywx/city_weather.php?id=42976,Paradip,32.8,26.8,NIL,79,17:59,05:33,01:19,12:24,Partly cloudy sky,07-Apr,Partly cloudy sky,08-Apr,Partly cloudy sky,09-Apr,Partly cloudy sky with possibility of rain or Thunderstorm or Duststorm,10-Apr,Partly cloudy sky with possibility of rain or Thunderstorm or Duststorm,11-Apr,Rain or Thundershowers,12-Apr,Rain or Thundershowers
https://city.imd.gov.in/citywx/city_weather.php?id=43049,Gopalpur,33.4,23.7,NIL,83,18:06,05:40,01:24,12:34,Partly cloudy sky,07-Apr,Partly cloudy sky,08-Apr,Partly cloudy sky,09-Apr,Partly cloudy sky with possibility of rain or Thunderstorm or Duststorm,10-Apr,Partly cloudy sky with possibility of rain or Thunderstorm or Duststorm,11-Apr,Rain or Thundershowers,12-Apr,Rain or Thundershowers
https://city.imd.gov.in/citywx/city_weather.php?id=42895,Balasore,36.5,24.8,NIL,83,17:59,05:31,01:21,12:21,Mainly Clear sky,07-Apr,Mainly Clear sky,08-Apr,Partly cloudy sky,09-Apr,Partly cloudy sky with possibility of rain or Thunderstorm or Duststorm,10-Apr,Partly cloudy sky with possibility of rain or Thunderstorm or Duststorm,11-Apr,Rain or Thundershowers,12-Apr,Rain or Thundershowers
https://city.imd.gov.in/citywx/city_weather.php?id=42971,Bhubneshwar-Airport,38.0,25.4,NIL,65,18:02,05:36,01:22,12:28,Partly cloudy sky,07-Apr,Partly cloudy sky,08-Apr,Partly cloudy sky,09-Apr,Partly cloudy sky with possibility of rain or Thunderstorm or Duststorm,10-Apr,Partly cloudy sky with possibility of rain or Thunderstorm or Duststorm,11-Apr,Rain or Thundershowers,12-Apr,Rain or Thundershowers
https://city.imd.gov.in/citywx/city_weather.php?id=42618,Kailashahar,NA,23.0,NIL,NA,17:40,05:09,01:07,11:53,Partly cloudy sky with one or two spells of rain or thundershowers,07-Apr,Partly cloudy sky with one or two spells of rain or thundershowers,08-Apr,Partly cloudy sky with one or two spells of rain or thundershowers,09-Apr,Partly cloudy sky with one or two spells of rain or thundershowers,10-Apr,Partly cloudy sky with one or two spells of rain or thundershowers,11-Apr,Partly cloudy sky with possibility of rain or Thunderstorm,12-Apr,Partly cloudy sky with possibility of rain or Thunderstorm
https://city.imd.gov.in/citywx/city_weather.php?id=43225,Karwar,36.4,25.5,NIL,67,18:46,06:26,01:59,13:28,Generally cloudy sky with Light rain,07-Apr,Generally cloudy sky with Light rain,08-Apr,Generally cloudy sky with Light rain,09-Apr,Partly cloudy sky,10-Apr,Partly cloudy sky,11-Apr,Partly cloudy sky,"",""
https://city.imd.gov.in/citywx/city_weather.php?id=42045,Banihal,27.4,12.3,NIL,22,18:53,06:11,02:41,12:40,Partly cloudy sky becoming generally cloudy towards afternoon or evening or night,07-Apr,Partly cloudy sky becoming generally cloudy towards afternoon or evening or night,08-Apr,Partly cloudy sky with possibility of rain or Thunderstorm or Duststorm,09-Apr,Generally cloudy sky with possibility of rain or Thunderstorm or Duststorm,10-Apr,Generally cloudy sky with possibility of rain or Thunderstorm or Duststorm,11-Apr,Generally cloudy sky with possibility of rain or Thunderstorm,12-Apr,Partly cloudy sky with possibility of rain or Thunderstorm
https://city.imd.gov.in/citywx/city_weather.php?id=43309,Maya Bandar,30.3,25.0,1,NA,17:30,05:11,00:37,12:14,Generally cloudy sky with a few spells of rain or thundershowers,07-Apr,Generally cloudy sky with a few spells of rain or thundershowers,08-Apr,Generally cloudy sky with one or two spells of rain or thundershowers,09-Apr,Generally cloudy sky with one or two spells of rain or thundershowers,10-Apr,Generally cloudy sky with one or two spells of rain or thundershowers,11-Apr,Generally cloudy sky with possibility of rain or Thunderstorm,12-Apr,Generally cloudy sky with possibility of rain or Thunderstorm
https://city.imd.gov.in/citywx/city_weather.php?id=43198,Belagavi,35.6,21.2,3,23,18:45,06:23,01:59,13:24,Generally cloudy sky with one or two spells of rain or thundershowers,07-Apr,Generally cloudy sky with one or two spells of rain or thundershowers,08-Apr,Partly cloudy sky,09-Apr,Partly cloudy sky,10-Apr,Partly cloudy sky,11-Apr,Partly cloudy sky,"",""
https://city.imd.gov.in/citywx/city_weather.php?id=43201,Gadag,36.4,21.6,2,35,18:41,06:19,01:54,13:21,Partly cloudy sky with one or two spells of rain or thundershowers,07-Apr,Partly cloudy sky with one or two spells of rain or thundershowers,08-Apr,Partly cloudy sky,09-Apr,Partly cloudy sky,10-Apr,Partly cloudy sky,11-Apr,Partly cloudy sky,12-Apr,Partly cloudy sky
https://city.imd.gov.in/citywx/city_weather.php?id=43226,Honnavar,33.0,23.8,NIL,72,18:45,06:25,01:56,13:28,Partly cloudy sky with one or two spells of rain or thundershowers,07-Apr,Partly cloudy sky with one or two spells of rain or thundershowers,08-Apr,Partly cloudy sky,09-Apr,Partly cloudy sky,10-Apr,Partly cloudy sky,11-Apr,Partly cloudy sky,"",""
https://city.imd.gov.in/citywx/city_weather.php?id=43284,Mangaluru,34.0,23.5,4,67,18:42,06:24,01:52,13:29,Generally cloudy sky with Heavy rain,07-Apr,Generally cloudy sky with Heavy rain,08-Apr,Generally cloudy sky with Light rain,09-Apr,Generally cloudy sky,10-Apr,Generally cloudy sky,11-Apr,Generally cloudy sky,"",""
https://city.imd.gov.in/citywx/city_weather.php?id=43185,Machilipatnam,35.8,25.2,NIL,70,18:19,05:57,01:33,12:56,Generally cloudy sky with haze,07-Apr,Generally cloudy sky with haze,08-Apr,Generally cloudy sky with Light rain,09-Apr,Generally cloudy sky with one or two spells of rain or thundershowers,10-Apr,Generally cloudy sky with one or two spells of rain or thundershowers,11-Apr,Rain,12-Apr,Rain
https://city.imd.gov.in/citywx/city_weather.php?id=43237,Anantapur,38.4,26.9,NIL,27,18:32,06:12,01:44,13:14,Generally cloudy sky with one or two spells of rain or thundershowers,07-Apr,Generally cloudy sky with Light rain,08-Apr,Generally cloudy sky with one or two spells of rain or thundershowers,09-Apr,Generally cloudy sky with one or two spells of rain or thundershowers,10-Apr,Generally cloudy sky with one or two spells of rain or thundershowers,11-Apr,Rain,12-Apr,Rain
https://city.imd.gov.in/citywx/city_weather.php?id=43150,Visakhapatnam,34.0,26.6,TRACE,76,18:11,05:47,01:27,12:44,Generally cloudy sky with one or two spells of rain or thundershowers,07-Apr,Generally cloudy sky with Light rain,08-Apr,Generally cloudy sky with Light rain,09-Apr,Generally cloudy sky with one or two spells of rain or thundershowers,10-Apr,Generally cloudy sky with one or two spells of rain or thundershowers,11-Apr,Rain,12-Apr,Rain
https://city.imd.gov.in/citywx/city_weather.php?id=43275,Tirupathi,38.6,25.8,NIL,39,18:24,06:04,01:34,13:08,Generally cloudy sky with one or two spells of rain or thundershowers,07-Apr,Generally cloudy sky with Light rain,08-Apr,Generally cloudy sky with one or two spells of rain or thundershowers,09-Apr,Generally cloudy sky with one or two spells of rain or thundershowers,10-Apr,Generally cloudy sky with one or two spells of rain or thundershowers,11-Apr,Rain,12-Apr,Rain
https://city.imd.gov.in/citywx/city_weather.php?id=42361,Gwalior,40.0,19.0,NIL,28,18:36,06:03,02:08,12:46,Haze,07-Apr,Clear sky,08-Apr,Clear sky,09-Apr,Clear sky,10-Apr,Clear sky,11-Apr,Mainly Clear sky,12-Apr,Mainly Clear sky
https://city.imd.gov.in/citywx/city_weather.php?id=42103,Ambala,37.9,21.0,NIL,24,18:45,06:06,02:25,12:42,Mainly Clear sky,07-Apr,Mainly Clear sky,08-Apr,Partly cloudy sky,09-Apr,Partly cloudy sky,10-Apr,Partly cloudy sky,11-Apr,Partly cloudy sky with possibility of rain or Thunderstorm,12-Apr,Partly cloudy sky
https://city.imd.gov.in/citywx/city_weather.php?id=42675,Jabalpur,39.6,18.4,NIL,26,18:17,06:24,03:54,14:52,Haze,07-Apr,Clear sky,08-Apr,Clear sky,09-Apr,Clear sky,10-Apr,Clear sky,11-Apr,Mainly Clear sky,12-Apr,Mainly Clear sky
https://city.imd.gov.in/citywx/city_weather.php?id=42754,Indore,39.8,22.4,NIL,15,18:44,06:15,02:10,13:05,Haze,07-Apr,Clear sky,08-Apr,Clear sky,09-Apr,Clear sky,10-Apr,Clear sky,11-Apr,Mainly Clear sky,12-Apr,Mainly Clear sky
https://city.imd.gov.in/citywx/city_weather.php?id=42114,Tehri,25.9,12.8,NIL,36,18:38,05:59,02:18,12:35,Mainly Clear sky,07-Apr,Mainly Clear sky,08-Apr,Partly cloudy sky,09-Apr,Partly cloudy sky,10-Apr,Thunderstorm with rain,11-Apr,Partly cloudy sky with possibility of rain or Thunderstorm,12-Apr,Partly cloudy sky with possibility of rain or Thunderstorm
https://city.imd.gov.in/citywx/city_weather.php?id=42111,Dehradun-Mokhampur,36.0,17.1,NIL,38,18:39,06:01,02:19,12:37,Mainly Clear sky,07-Apr,Mainly Clear sky,08-Apr,Partly cloudy sky,09-Apr,Partly cloudy sky,10-Apr,Thunderstorm with rain,11-Apr,Partly cloudy sky with possibility of rain or Thunderstorm,12-Apr,Partly cloudy sky with possibility of rain or Thunderstorm
https://city.imd.gov.in/citywx/city_weather.php?id=42452,Kota,42.4,22.6,NIL,22,18:45,06:13,02:15,12:59,Mainly Clear sky,07-Apr,Heat Wave,08-Apr,Heat Wave,09-Apr,Heat Wave,10-Apr,Heat Wave,11-Apr,Partly cloudy sky,12-Apr,Partly cloudy sky
https://city.imd.gov.in/citywx/city_weather.php?id=42667,Bhopal-Arera Hills,40.5,20.0,NIL,22,18:38,06:08,02:05,12:57,Clear sky,07-Apr,Clear sky,08-Apr,Clear sky,09-Apr,Clear sky,10-Apr,Clear sky,11-Apr,Mainly Clear sky,12-Apr,Mainly Clear sky
https://city.imd.gov.in/citywx/city_weather.php?id=43213,Kurnool,39.5,26.7,NIL,27,18:31,06:09,01:45,13:10,Generally cloudy sky with one or two spells of rain or thundershowers,07-Apr,Generally cloudy sky with Light rain,08-Apr,Generally cloudy sky with Light rain,09-Apr,Generally cloudy sky with one or two spells of rain or thundershowers,10-Apr,Generally cloudy sky with one or two spells of rain or thundershowers,11-Apr,Rain,12-Apr,Rain
https://city.imd.gov.in/citywx/city_weather.php?id=43181,Vijayawada-Gannavaram,37.4,25.0,0.3,50,18:21,05:58,01:35,12:57,Generally cloudy sky with one or two spells of rain or thundershowers,07-Apr,Generally cloudy sky with one or two spells of rain or thundershowers,08-Apr,Generally cloudy sky with one or two spells of rain or thundershowers,09-Apr,Generally cloudy sky with one or two spells of rain or thundershowers,10-Apr,Generally cloudy sky with one or two spells of rain or thundershowers,11-Apr,Rain,12-Apr,Rain
https://city.imd.gov.in/citywx/city_weather.php?id=42634,Bhuj,43.0,25.1,NIL,8,19:09,06:39,02:36,13:29,Heat Wave,07-Apr,Heat Wave,08-Apr,Heat Wave,09-Apr,Heat Wave,10-Apr,Heat Wave,11-Apr,Sunny Day,12-Apr,Sunny Day
https://city.imd.gov.in/citywx/city_weather.php?id=42737,Rajkot,43.9,24.4,NIL,18,19:04,06:35,02:29,13:26,Heat Wave,07-Apr,Heat Wave,08-Apr,Heat Wave,09-Apr,Heat Wave,10-Apr,Clear sky,11-Apr,Sunny Day,12-Apr,Sunny Day
https://city.imd.gov.in/citywx/city_weather.php?id=42731,Dwarka,32.4,25.4,NIL,70,19:10,06:42,02:37,13:33,Clear sky,07-Apr,Clear sky,08-Apr,Clear sky,09-Apr,Clear sky,10-Apr,Clear sky,11-Apr,Sunny Day,12-Apr,Sunny Day
https://city.imd.gov.in/citywx/city_weather.php?id=42516,Shillong,22.6,14.7,1.6,98,17:41,05:09,01:10,11:51,Partly cloudy sky with haze,07-Apr,Partly cloudy sky,08-Apr,Partly cloudy sky,09-Apr,Partly cloudy sky,10-Apr,Partly cloudy sky,11-Apr,Partly cloudy sky,12-Apr,Partly cloudy sky
https://city.imd.gov.in/citywx/city_weather.php?id=42587,Daltonganj,40.8,20.1,NIL,17,18:12,05:41,01:39,12:27,Mainly Clear sky,07-Apr,Mainly Clear sky,08-Apr,Partly cloudy sky,09-Apr,Partly cloudy sky with possibility of development of thunder lightning,10-Apr,Partly cloudy sky with possibility of rain or Thunderstorm or Duststorm,11-Apr,Rain or Thundershowers,12-Apr,Mainly Clear sky
https://city.imd.gov.in/citywx/city_weather.php?id=42701,Ranchi,36.2,22.3,NIL,NA,18:06,05:36,01:32,12:24,Mainly Clear sky,07-Apr,Partly cloudy sky towards afternoon or evening,08-Apr,Partly cloudy sky with possibility of development of thunder lightning,09-Apr,Partly cloudy sky with possibility of rain or Thunderstorm or Duststorm,10-Apr,Partly cloudy sky with possibility of rain or Thunderstorm or Duststorm,11-Apr,Rain or Thundershowers,12-Apr,Rain or Thundershowers
https://city.imd.gov.in/citywx/city_weather.php?id=42026,Gulmarg,14.8,14.8,NIL,NA,18:57,06:13,02:45,12:42,Partly cloudy sky becoming generally cloudy towards afternoon or evening or night,07-Apr,Partly cloudy sky becoming generally cloudy towards afternoon or evening or night,08-Apr,Partly cloudy sky with possibility of rain or Thunderstorm or Duststorm,09-Apr,Generally cloudy sky with possibility of rain or Thunderstorm or Duststorm,10-Apr,Generally cloudy sky with possibility of rain or Thunderstorm or Duststorm,11-Apr,Generally cloudy sky with possibility of rain or Thunderstorm,12-Apr,Partly cloudy sky
https://city.imd.gov.in/citywx/city_weather.php?id=42043,Batote,27.2,14.8,NIL,36,18:52,06:10,02:39,12:41,Partly cloudy sky,07-Apr,Partly cloudy sky becoming generally cloudy towards afternoon or evening or night,08-Apr,Partly cloudy sky becoming generally cloudy towards afternoon or evening or night,09-Apr,Generally cloudy sky with possibility of rain or Thunderstorm or Duststorm,10-Apr,Generally cloudy sky with possibility of rain or Thunderstorm or Duststorm,11-Apr,Generally cloudy sky with possibility of rain or Thunderstorm,12-Apr,Partly cloudy sky with possibility of rain or Thunderstorm
https://city.imd.gov.in/citywx/city_weather_test.php?id=42044,Qazigund,27.0,5.8,NIL,31,18:53,06:11,02:41,12:40,Partly cloudy sky becoming generally cloudy towards afternoon or evening or night,07-Apr,Partly cloudy sky becoming generally cloudy towards afternoon or evening or night,08-Apr,Partly cloudy sky becoming generally cloudy towards afternoon or evening or night,09-Apr,Generally cloudy sky with possibility of rain or Thunderstorm or Duststorm,10-Apr,Generally cloudy sky with possibility of rain or Thunderstorm or Duststorm,11-Apr,Generally cloudy sky with possibility of rain or Thunderstorm,12-Apr,Partly cloudy sky
https://city.imd.gov.in/citywx/city_weather.php?id=42308,Itanagar,NA,18.6,16,NA,17:35,05:01,01:07,11:40,Generally cloudy sky with Light rain,07-Apr,Mainly Clear sky,08-Apr,Partly cloudy sky,09-Apr,Partly cloudy sky,10-Apr,Generally cloudy sky with Light rain,11-Apr,Rain,12-Apr,Rain
https://city.imd.gov.in/citywx/city_weather.php?id=42542,Udaipur,40.9,21.6,NIL,12,18:53,06:21,02:22,13:08,Mainly Clear sky,07-Apr,Partly cloudy sky,08-Apr,Partly cloudy sky,09-Apr,Partly cloudy sky,10-Apr,Partly cloudy sky,11-Apr,Partly cloudy sky,12-Apr,Partly cloudy sky
https://city.imd.gov.in/citywx/city_weather.php?id=42170,Churu,42.4,19.6,NIL,15,18:51,06:15,02:27,12:55,Mainly Clear sky,07-Apr,Mainly Clear sky,08-Apr,Heat Wave,09-Apr,Heat Wave,10-Apr,Heat Wave,11-Apr,Partly cloudy sky,12-Apr,Partly cloudy sky
https://city.imd.gov.in/citywx/city_weather.php?id=42123,Sriganganagar,41.7,21.3,NIL,24,18:56,06:18,02:36,12:55,Mainly Clear sky,07-Apr,Heat Wave,08-Apr,Heat Wave,09-Apr,Heat Wave,10-Apr,Heat Wave,11-Apr,Partly cloudy sky,12-Apr,Partly cloudy sky
https://city.imd.gov.in/citywx/city_weather.php?id=42328,Jaisalmer,45.0,25.5,NIL,7,19:06,06:32,02:40,13:15,Heat Wave,07-Apr,Heat Wave,08-Apr,Heat Wave,09-Apr,Heat Wave,10-Apr,Heat Wave,11-Apr,Mainly Clear sky,12-Apr,Mainly Clear sky
https://city.imd.gov.in/citywx/city_weather.php?id=42165,Bikaner,43.3,24.7,NIL,9,18:57,06:22,02:33,13:03,Heat Wave,07-Apr,Heat Wave,08-Apr,Heat Wave,09-Apr,Heat Wave,10-Apr,Heat Wave,11-Apr,Partly cloudy sky,12-Apr,Partly cloudy sky
https://city.imd.gov.in/citywx/city_weather.php?id=42131,Hissar,39.9,17.5,NIL,26,18:48,06:11,02:26,12:50,Mainly Clear sky,07-Apr,Mainly Clear sky,08-Apr,Mainly Clear sky,09-Apr,Mainly Clear sky,10-Apr,Partly cloudy sky,11-Apr,Partly cloudy sky,12-Apr,Mainly Clear sky
https://city.imd.gov.in/citywx/city_weather.php?id=42909,Veraval,31.8,23.3,NIL,72,19:05,06:38,02:28,13:31,Clear sky,07-Apr,Clear sky,08-Apr,Clear sky,09-Apr,Clear sky,10-Apr,Clear sky,11-Apr,Sunny Day,12-Apr,Sunny Day
https://city.imd.gov.in/citywx/city_weather.php?id=42724,Agartala,35.4,25.6,NIL,61,17:43,05:12,01:08,11:58,Partly cloudy sky with one or two spells of rain or thundershowers,07-Apr,Partly cloudy sky with one or two spells of rain or thundershowers,08-Apr,Mist,09-Apr,Mist,10-Apr,Partly cloudy sky with one or two spells of rain or thundershowers,11-Apr,Partly cloudy sky with possibility of rain or Thunderstorm,12-Apr,Partly cloudy sky with possibility of rain or Thunderstorm
https://city.imd.gov.in/citywx/city_weather.php?id=43233,Chitradurga,35.4,22.3,NIL,48,18:37,06:17,01:48,13:20,Generally cloudy sky with one or two spells of rain or thundershowers,07-Apr,Generally cloudy sky with one or two spells of rain or thundershowers,08-Apr,Partly cloudy sky,09-Apr,Partly cloudy sky,10-Apr,Partly cloudy sky,11-Apr,Partly cloudy sky,"",""
https://city.imd.gov.in/citywx/city_weather.php?id=42726,Aizwal,32.4,18.4,NIL,NA,17:37,05:06,01:02,11:52,Partly cloudy sky with possibility of rain or Thunderstorm or Duststorm,07-Apr,Partly cloudy sky with possibility of rain or Thunderstorm or Duststorm,08-Apr,Partly cloudy sky,09-Apr,Partly cloudy sky,10-Apr,Partly cloudy sky,11-Apr,Partly cloudy sky,12-Apr,Sunny Day
https://city.imd.gov.in/citywx/city_weather.php?id=42099,Ludhiana,38.1,17.0,NIL,31,18:49,06:10,02:30,12:44,Mainly Clear sky,07-Apr,Mainly Clear sky,08-Apr,Mainly Clear sky,09-Apr,Partly cloudy sky,10-Apr,Partly cloudy sky,11-Apr,Partly cloudy sky,12-Apr,Mainly Clear sky
https://city.imd.gov.in/citywx/city_weather.php?id=42339,Jodhpur,43.0,22.0,NIL,12,18:57,06:24,02:30,13:08,Heat Wave,07-Apr,Heat Wave,08-Apr,Heat Wave,09-Apr,Heat Wave,10-Apr,Heat Wave,11-Apr,Partly cloudy sky,12-Apr,Mainly Clear sky
https://city.imd.gov.in/citywx/city_weather.php?id=42369,Lucknow-Airport,38.8,19.5,NIL,18,18:26,05:52,01:59,12:34,Clear sky,07-Apr,Clear sky,08-Apr,Strong surface winds during day time,09-Apr,Strong surface winds during day time,10-Apr,Strong surface winds during day time,11-Apr,Partly cloudy sky,12-Apr,Partly cloudy sky
https://city.imd.gov.in/citywx/city_weather.php?id=42379,Gorakhpur,39.6,19.2,NIL,18,18:16,05:42,01:48,12:24,Mainly Clear sky,07-Apr,Mainly Clear sky,08-Apr,Rain or Thundershowers with strong gusty winds,09-Apr,Rain or Thundershowers with strong gusty winds,10-Apr,Rain or Thundershowers with strong gusty winds,11-Apr,Generally cloudy sky with possibility of rain or Thunderstorm,12-Apr,Partly cloudy sky with possibility of rain or Thunderstorm
https://city.imd.gov.in/citywx/city_weather.php?id=42273,Bahraich,39.4,15.8,NIL,26,18:23,05:49,01:58,12:29,Mainly Clear sky,07-Apr,Mainly Clear sky,08-Apr,Rain or Thundershowers with strong gusty winds,09-Apr,Rain or Thundershowers with strong gusty winds,10-Apr,Rain or Thundershowers with strong gusty winds,11-Apr,Generally cloudy sky with possibility of rain or Thunderstorm,12-Apr,Partly cloudy sky with possibility of rain or Thunderstorm
https://city.imd.gov.in/citywx/city_weather.php?id=42372,Fursatganj,39.8,16.4,NIL,17,18:24,05:50,01:55,12:33,Mainly Clear sky,07-Apr,Mainly Clear sky,08-Apr,Strong surface winds during day time,09-Apr,Strong surface winds during day time,10-Apr,Strong surface winds during day time,11-Apr,Partly cloudy sky,12-Apr,Partly cloudy sky
https://city.imd.gov.in/citywx/city_weather.php?id=42044,Qazigund,27.0,5.8,NIL,31,18:53,06:11,02:41,12:40,Partly cloudy sky becoming generally cloudy towards afternoon or evening or night,07-Apr,Partly cloudy sky becoming generally cloudy towards afternoon or evening or night,08-Apr,Partly cloudy sky becoming generally cloudy towards afternoon or evening or night,09-Apr,Generally cloudy sky with possibility of rain or Thunderstorm or Duststorm,10-Apr,Generally cloudy sky with possibility of rain or Thunderstorm or Duststorm,11-Apr,Generally cloudy sky with possibility of rain or Thunderstorm,12-Apr,Partly cloudy sky
https://city.imd.gov.in/citywx/city_weather.php?id=42048,Bhaderwah,25.4,9.1,NIL,NA,18:51,06:09,02:37,12:40,Mainly clear sky becoming partly cloudy towards afternoon or evening,07-Apr,Partly cloudy sky becoming generally cloudy towards afternoon or evening or night,08-Apr,Partly cloudy sky becoming generally cloudy towards afternoon or evening or night,09-Apr,Generally cloudy sky with possibility of rain or Thunderstorm or Duststorm,10-Apr,Generally cloudy sky with possibility of rain or Thunderstorm or Duststorm,11-Apr,Generally cloudy sky with possibility of rain or Thunderstorm,12-Apr,Partly cloudy sky with possibility of rain or Thunderstorm
https://city.imd.gov.in/citywx/city_weather.php?id=42046,Kukernag,25.5,8.8,NIL,34,18:56,06:13,02:43,12:44,Partly cloudy sky becoming generally cloudy towards afternoon or evening or night,07-Apr,Partly cloudy sky becoming generally cloudy towards afternoon or evening or night,08-Apr,Partly cloudy sky becoming generally cloudy towards afternoon or evening or night,09-Apr,Generally cloudy sky with possibility of rain or Thunderstorm or Duststorm,10-Apr,Generally cloudy sky with possibility of rain or Thunderstorm or Duststorm,11-Apr,Generally cloudy sky with possibility of rain or Thunderstorm,12-Apr,Generally cloudy sky
https://city.imd.gov.in/citywx/city_weather.php?id=42539,Deesa,43.3,23.0,NIL,10,18:59,06:28,02:28,13:16,Heat Wave,07-Apr,Heat Wave,08-Apr,Heat Wave,09-Apr,Heat Wave,10-Apr,Heat Wave,11-Apr,Sunny Day,12-Apr,Sunny Day
https://city.imd.gov.in/citywx/city_weather.php?id=42189,Bareilly,37.2,17.2,NIL,29,18:33,05:57,02:09,12:36,Mainly Clear sky,07-Apr,Mainly Clear sky,08-Apr,Strong surface winds during day time,09-Apr,Rain or Thundershowers with strong gusty winds,10-Apr,Rain or Thundershowers with strong gusty winds,11-Apr,Partly cloudy sky with possibility of rain or Thunderstorm,12-Apr,Partly cloudy sky with possibility of rain or Thunderstorm
https://city.imd.gov.in/citywx/city_weather.php?id=42463,Jhansi,40.5,22.0,NIL,17,18:34,06:02,02:05,12:47,Mainly Clear sky,07-Apr,Mainly Clear sky,08-Apr,Heat Wave,09-Apr,Heat Wave,10-Apr,Strong surface winds during day time,11-Apr,Partly cloudy sky,12-Apr,Partly cloudy sky
https://city.imd.gov.in/citywx/city_weather.php?id=42527,Kohima,27.0,14.4,5,NA,17:32,05:00,01:01,11:41,Generally cloudy sky,07-Apr,Generally cloudy sky,08-Apr,Generally cloudy sky,09-Apr,Generally cloudy sky,10-Apr,Generally cloudy sky,11-Apr,Generally cloudy sky,12-Apr,Generally cloudy sky
https://city.imd.gov.in/citywx/city_weather.php?id=42474,Prayagraj,41.4,19.6,NIL,28,18:22,05:49,01:52,12:34,Mainly Clear sky,07-Apr,Mainly Clear sky,08-Apr,Strong surface winds during day time,09-Apr,Strong surface winds during day time,10-Apr,Strong surface winds during day time,11-Apr,Partly cloudy sky,12-Apr,Partly cloudy sky
https://city.imd.gov.in/citywx/city_weather.php?id=42500,Purnea,34.2,21.7,NIL,59,17:59,05:26,01:29,12:09,Partly cloudy sky,07-Apr,Partly cloudy sky,08-Apr,Partly cloudy sky with possibility of rain or Thunderstorm or Duststorm,09-Apr,Partly cloudy sky with possibility of rain or Thunderstorm or Duststorm,10-Apr,Partly cloudy sky,11-Apr,Partly cloudy sky with possibility of rain or Thunderstorm,12-Apr,Partly cloudy sky with possibility of rain or Thunderstorm
https://city.imd.gov.in/citywx/city_weather.php?id=42591,Gaya,40.2,21.0,NIL,31,18:08,05:37,01:37,12:22,Mainly Clear sky,07-Apr,Mainly Clear sky,08-Apr,Partly cloudy sky with possibility of rain or Thunderstorm or Duststorm,09-Apr,Partly cloudy sky with possibility of rain or Thunderstorm or Duststorm,10-Apr,Partly cloudy sky,11-Apr,Mainly Clear sky,12-Apr,Mainly Clear sky
https://city.imd.gov.in/citywx/city_weather.php?id=42492,Patna-Airport,39.2,23.4,NIL,24,18:08,05:36,01:38,12:19,Mainly Clear sky,07-Apr,Mainly Clear sky,08-Apr,Partly cloudy sky with possibility of rain or Thunderstorm or Duststorm,09-Apr,Partly cloudy sky with possibility of rain or Thunderstorm or Duststorm,10-Apr,Mainly Clear sky,11-Apr,Partly cloudy sky with possibility of rain or Thunderstorm,12-Apr,Partly cloudy sky with possibility of rain or Thunderstorm
https://city.imd.gov.in/citywx/city_weather.php?id=42840,Surat,40.8,24.8,NIL,18,18:55,06:27,02:18,13:20,Clear sky,07-Apr,Clear sky,08-Apr,Clear sky,09-Apr,Mainly Clear sky,10-Apr,Mainly Clear sky,11-Apr,Mainly Clear sky,12-Apr,Sunny Day
https://city.imd.gov.in/citywx/city_weather.php?id=42498,Bhagalpur,36.1,22.8,NIL,50,18:01,05:29,01:30,12:12,Mainly Clear sky,07-Apr,Partly cloudy sky,08-Apr,Partly cloudy sky with possibility of rain or Thunderstorm or Duststorm,09-Apr,Partly cloudy sky with possibility of rain or Thunderstorm or Duststorm,10-Apr,Partly cloudy sky with possibility of rain or Thunderstorm or Duststorm,11-Apr,Partly cloudy sky with possibility of rain or Thunderstorm,12-Apr,Partly cloudy sky with possibility of rain or Thunderstorm
https://city.imd.gov.in/citywx/city_weather.php?id=43029,Chandrapur,NA,-,NIL,NA,18:28,06:02,01:49,12:56,Mainly Clear sky,07-Apr,Mainly Clear sky,08-Apr,Partly cloudy sky,09-Apr,Partly cloudy sky,10-Apr,Rain or Thundershowers with strong gusty winds,11-Apr,Generally cloudy sky with possibility of rain or Thunderstorm,12-Apr,Generally cloudy sky with possibility of rain or Thunderstorm
https://city.imd.gov.in/citywx/city_weather.php?id=42931,Buldhana,NA,25.4,NIL,NA,18:41,06:14,02:03,13:08,Mainly Clear sky,07-Apr,Mainly Clear sky,08-Apr,Partly cloudy sky,09-Apr,Partly cloudy sky,10-Apr,Partly cloudy sky,11-Apr,Partly cloudy sky,12-Apr,Partly cloudy sky
https://city.imd.gov.in/citywx/city_weather.php?id=42871,Gondia,40.4,19.5,NIL,19,18:26,05:58,01:48,12:49,Mainly Clear sky,07-Apr,Mainly Clear sky,08-Apr,Partly cloudy sky,09-Apr,Partly cloudy sky,10-Apr,Partly cloudy sky,11-Apr,Partly cloudy sky,12-Apr,Partly cloudy sky
https://city.imd.gov.in/citywx/city_weather.php?id=42933,Akola,43.2,22.5,NIL,16,18:38,06:11,02:00,13:04,Mainly Clear sky,07-Apr,Mainly Clear sky,08-Apr,Partly cloudy sky,09-Apr,Partly cloudy sky,10-Apr,Partly cloudy sky,11-Apr,Partly cloudy sky,12-Apr,Partly cloudy sky
https://city.imd.gov.in/citywx/city_weather.php?id=42939,Wardha,NA,21.9,NIL,NA,18:32,06:05,01:53,12:57,Mainly Clear sky,07-Apr,Mainly Clear sky,08-Apr,Partly cloudy sky,09-Apr,Partly cloudy sky,10-Apr,Partly cloudy sky,11-Apr,Partly cloudy sky,12-Apr,Partly cloudy sky
https://city.imd.gov.in/citywx/city_weather.php?id=42410,Guwahati,30.4,20.1,8,61,17:42,05:09,01:12,11:50,Partly cloudy sky with one or two spells of rain or thundershowers,07-Apr,Generally cloudy sky with one or two spells of rain or thundershowers,08-Apr,Generally cloudy sky with one or two spells of rain or thundershowers,09-Apr,Generally cloudy sky with one or two spells of rain or thundershowers,10-Apr,Partly cloudy sky with one or two spells of rain or thundershowers,11-Apr,Rain or Thundershowers,12-Apr,Rain or Thundershowers
https://city.imd.gov.in/citywx/city_weather.php?id=42309,North Lakhimpur,29.0,14.2,9,69,17:33,04:59,01:05,11:38,Generally cloudy sky with one or two spells of rain or thundershowers,07-Apr,Partly cloudy sky with one or two spells of rain or thundershowers,08-Apr,Partly cloudy sky with one or two spells of rain or thundershowers,09-Apr,Generally cloudy sky with one or two spells of rain or thundershowers,10-Apr,Partly cloudy sky with one or two spells of rain or thundershowers,11-Apr,Rain or Thundershowers,12-Apr,Rain or Thundershowers
https://city.imd.gov.in/citywx/city_weather.php?id=42423,Jorhat,NA,19.0,NIL,NA,17:33,04:59,01:04,11:38,Generally cloudy sky with one or two spells of rain or thundershowers,07-Apr,Generally cloudy sky with one or two spells of rain or thundershowers,08-Apr,Partly cloudy sky with one or two spells of rain or thundershowers,09-Apr,Generally cloudy sky with one or two spells of rain or thundershowers,10-Apr,Partly cloudy sky with one or two spells of rain or thundershowers,11-Apr,Rain or Thundershowers,12-Apr,Rain or Thundershowers
https://city.imd.gov.in/citywx/city_weather.php?id=43021,Nanded,NA,20.8,NIL,NA,18:36,06:11,01:55,13:06,Mainly Clear sky,07-Apr,Mainly Clear sky,08-Apr,Mainly Clear sky,09-Apr,Mainly Clear sky,10-Apr,Mainly Clear sky,11-Apr,Partly cloudy sky,12-Apr,Partly cloudy sky
https://city.imd.gov.in/citywx/city_weather_test.php?id=42046,Kukernag,25.5,8.8,NIL,34,18:56,06:13,02:43,12:44,Partly cloudy sky becoming generally cloudy towards afternoon or evening or night,07-Apr,Partly cloudy sky becoming generally cloudy towards afternoon or evening or night,08-Apr,Partly cloudy sky becoming generally cloudy towards afternoon or evening or night,09-Apr,Generally cloudy sky with possibility of rain or Thunderstorm or Duststorm,10-Apr,Generally cloudy sky with possibility of rain or Thunderstorm or Duststorm,11-Apr,Generally cloudy sky with possibility of rain or Thunderstorm,12-Apr,Generally cloudy sky
https://city.imd.gov.in/citywx/city_weather_test.php?id=42028,Pahalgam,22.2,2.8,NIL,38,18:53,06:10,02:42,12:38,Partly cloudy sky becoming generally cloudy towards afternoon or evening or night,07-Apr,Partly cloudy sky becoming generally cloudy towards afternoon or evening or night,08-Apr,Partly cloudy sky with possibility of rain or Thunderstorm or Duststorm,09-Apr,Generally cloudy sky with possibility of rain or Thunderstorm or Duststorm,10-Apr,Generally cloudy sky with possibility of rain or Thunderstorm or Duststorm,11-Apr,Generally cloudy sky with possibility of rain or Thunderstorm,12-Apr,Generally cloudy sky
https://city.imd.gov.in/citywx/city_weather_test.php?id=42027,Srinagar-City,26.2,7.6,NIL,27,18:55,06:11,02:44,12:40,Partly cloudy sky becoming generally cloudy towards afternoon or evening or night,07-Apr,Partly cloudy sky becoming generally cloudy towards afternoon or evening or night,08-Apr,Partly cloudy sky becoming generally cloudy towards afternoon or evening or night,09-Apr,Generally cloudy sky with Light rain,10-Apr,Generally cloudy sky with Light rain,11-Apr,Generally cloudy sky,12-Apr,Mainly Clear sky
https://city.imd.gov.in/citywx/city_weather_test.php?id=42045,Banihal,27.4,12.3,NIL,22,18:53,06:11,02:41,12:40,Partly cloudy sky becoming generally cloudy towards afternoon or evening or night,07-Apr,Partly cloudy sky becoming generally cloudy towards afternoon or evening or night,08-Apr,Partly cloudy sky with possibility of rain or Thunderstorm or Duststorm,09-Apr,Generally cloudy sky with possibility of rain or Thunderstorm or Duststorm,10-Apr,Generally cloudy sky with possibility of rain or Thunderstorm or Duststorm,11-Apr,Generally cloudy sky with possibility of rain or Thunderstorm,12-Apr,Partly cloudy sky with possibility of rain or Thunderstorm
https://city.imd.gov.in/citywx/city_weather.php?id=42619,Silchar,34.8,22.2,NIL,66,17:37,05:06,01:04,11:49,Generally cloudy sky with one or two spells of rain or thundershowers,07-Apr,Generally cloudy sky with one or two spells of rain or thundershowers,08-Apr,Generally cloudy sky with one or two spells of rain or thundershowers,09-Apr,Generally cloudy sky with one or two spells of rain or thundershowers,10-Apr,Partly cloudy sky with one or two spells of rain or thundershowers,11-Apr,Rain or Thundershowers,12-Apr,Rain or Thundershowers
https://city.imd.gov.in/citywx/city_weather.php?id=42420,Golaghat,NA,23.0,NIL,NA,17:33,05:00,01:04,11:40,Generally cloudy sky with one or two spells of rain or thundershowers,07-Apr,Generally cloudy sky with one or two spells of rain or thundershowers,08-Apr,Partly cloudy sky with one or two spells of rain or thundershowers,09-Apr,Generally cloudy sky with one or two spells of rain or thundershowers,10-Apr,Partly cloudy sky with one or two spells of rain or thundershowers,11-Apr,Rain or Thundershowers,12-Apr,Rain or Thundershowers
https://city.imd.gov.in/citywx/city_weather.php?id=42407,Goalpara,NA,20.6,NIL,NA,17:46,05:13,01:17,11:55,Partly cloudy sky with one or two spells of rain or thundershowers,07-Apr,Generally cloudy sky with one or two spells of rain or thundershowers,08-Apr,Generally cloudy sky with one or two spells of rain or thundershowers,09-Apr,Generally cloudy sky with one or two spells of rain or thundershowers,10-Apr,Partly cloudy sky with one or two spells of rain or thundershowers,11-Apr,Rain or Thundershowers,12-Apr,Rain or Thundershowers
https://city.imd.gov.in/citywx/city_weather.php?id=42811,Diamond Harbour,35.4,27.4,NIL,96,17:54,05:25,01:17,12:14,Partly cloudy sky with possibility of moderate rain or Thunderstorm,07-Apr,Partly cloudy sky with possibility of development of thunder lightning,08-Apr,Partly cloudy sky with possibility of development of thunder lightning,09-Apr,Partly cloudy sky with possibility of development of thunder lightning,10-Apr,Partly cloudy sky with possibility of development of thunder lightning,11-Apr,Partly cloudy sky with possibility of rain or Thunderstorm,12-Apr,Partly cloudy sky with possibility of rain or Thunderstorm
https://city.imd.gov.in/citywx/city_weather.php?id=42706,Bankura,39.8,25.4,NIL,35,--,--,--,--,Rain or Thundershowers with strong gusty winds,07-Apr,Partly cloudy sky with possibility of moderate rain or Thunderstorm,08-Apr,Partly cloudy sky with possibility of moderate rain or Thunderstorm,09-Apr,Partly cloudy sky with possibility of development of thunder lightning,10-Apr,Partly cloudy sky with possibility of development of thunder lightning,11-Apr,Partly cloudy sky with possibility of rain or Thunderstorm,12-Apr,Partly cloudy sky with possibility of rain or Thunderstorm
https://city.imd.gov.in/citywx/city_weather_test.php?id=42043,Batote,27.2,14.8,NIL,36,18:52,06:10,02:39,12:41,Partly cloudy sky,07-Apr,Partly cloudy sky becoming generally cloudy towards afternoon or evening or night,08-Apr,Partly cloudy sky becoming generally cloudy towards afternoon or evening or night,09-Apr,Generally cloudy sky with possibility of rain or Thunderstorm or Duststorm,10-Apr,Generally cloudy sky with possibility of rain or Thunderstorm or Duststorm,11-Apr,Generally cloudy sky with possibility of rain or Thunderstorm,12-Apr,Partly cloudy sky with possibility of rain or Thunderstorm
https://city.imd.gov.in/citywx/city_weather_test.php?id=42048,Bhaderwah,25.4,9.1,NIL,NA,18:51,06:09,02:37,12:40,Mainly clear sky becoming partly cloudy towards afternoon or evening,07-Apr,Partly cloudy sky becoming generally cloudy towards afternoon or evening or night,08-Apr,Partly cloudy sky becoming generally cloudy towards afternoon or evening or night,09-Apr,Generally cloudy sky with possibility of rain or Thunderstorm or Duststorm,10-Apr,Generally cloudy sky with possibility of rain or Thunderstorm or Duststorm,11-Apr,Generally cloudy sky with possibility of rain or Thunderstorm,12-Apr,Partly cloudy sky with possibility of rain or Thunderstorm
https://city.imd.gov.in/citywx/city_weather_test.php?id=42054,Katra,33.0,17.8,NIL,40,18:54,06:12,02:40,12:43,Partly cloudy sky,07-Apr,Partly cloudy sky,08-Apr,Partly cloudy sky becoming generally cloudy towards afternoon or evening or night,09-Apr,Generally cloudy sky with possibility of rain or Thunderstorm or Duststorm,10-Apr,Generally cloudy sky with possibility of rain or Thunderstorm or Duststorm,11-Apr,Generally cloudy sky with possibility of rain or Thunderstorm,12-Apr,Generally cloudy sky
https://city.imd.gov.in/citywx/city_weather_test.php?id=42056,Jammu-City,35.0,18.1,NIL,33,18:54,06:12,02:40,12:44,Partly cloudy sky,07-Apr,Partly cloudy sky,08-Apr,Partly cloudy sky becoming generally cloudy towards afternoon or evening or night,09-Apr,Partly cloudy sky with possibility of rain or Thunderstorm or Duststorm,10-Apr,Partly cloudy sky with possibility of rain or Thunderstorm or Duststorm,11-Apr,Partly cloudy sky with Thundery development,12-Apr,Partly cloudy sky
https://city.imd.gov.in/citywx/city_weather.php?id=42105,Chandigarh-City,37.4,18.1,NIL,27,18:45,06:06,02:26,12:41,Mainly Clear sky,07-Apr,Mainly Clear sky,08-Apr,Mainly Clear sky,09-Apr,Partly cloudy sky,10-Apr,Partly cloudy sky,11-Apr,Partly cloudy sky with possibility of rain or Thunderstorm,12-Apr,Partly cloudy sky
https://city.imd.gov.in/citywx/city_weather.php?id=42101,Patiala,38.4,18.6,NIL,37,18:46,06:08,02:26,12:43,Mainly Clear sky,07-Apr,Mainly Clear sky,08-Apr,Partly cloudy sky,09-Apr,Partly cloudy sky,10-Apr,Partly cloudy sky,11-Apr,Partly cloudy sky with possibility of rain or Thunderstorm,12-Apr,Partly cloudy sky
https://city.imd.gov.in/citywx/city_weather.php?id=42071,Amritsar,36.1,17.1,NIL,27,18:53,06:13,02:36,12:47,Mainly Clear sky,07-Apr,Mainly Clear sky,08-Apr,Mainly Clear sky,09-Apr,Partly cloudy sky,10-Apr,Partly cloudy sky with one or two spells of rain or thundershowers,11-Apr,Partly cloudy sky,12-Apr,Mainly Clear sky
https://city.imd.gov.in/citywx/city_weather.php?id=43071,Jeur,40.5,19.0,NIL,56,18:44,06:20,02:02,13:17,Mainly Clear sky,07-Apr,Mainly Clear sky,08-Apr,Mainly Clear sky,09-Apr,Mainly Clear sky,10-Apr,Mainly Clear sky,11-Apr,Partly cloudy sky,12-Apr,Partly cloudy sky
https://city.imd.gov.in/citywx/city_weather.php?id=43009,Ahmednagar,37.9,17.4,NIL,NA,18:46,06:21,02:05,13:17,Mainly Clear sky,07-Apr,Mainly Clear sky,08-Apr,Mainly Clear sky,09-Apr,Mainly Clear sky,10-Apr,Partly cloudy sky,11-Apr,Partly cloudy sky,12-Apr,Partly cloudy sky
https://city.imd.gov.in/citywx/city_weather.php?id=42925,Malegaon,40.8,21.6,NIL,40,18:48,06:21,02:10,13:15,Mainly Clear sky,07-Apr,Mainly Clear sky,08-Apr,Mainly Clear sky,09-Apr,Mainly Clear sky,10-Apr,Partly cloudy sky,11-Apr,Partly cloudy sky,12-Apr,Partly cloudy sky
https://city.imd.gov.in/citywx/city_weather.php?id=43111,Mahabaleshwar,32.1,18.6,NIL,59,18:50,06:26,02:07,13:24,Mainly Clear sky,07-Apr,Mainly Clear sky,08-Apr,Mainly Clear sky,09-Apr,Mainly Clear sky,10-Apr,Partly cloudy sky,11-Apr,Partly cloudy sky,12-Apr,Partly cloudy sky
https://city.imd.gov.in/citywx/city_weather.php?id=43245,Nellore,37.0,27.0,NIL,57,18:23,06:02,01:34,13:04,Generally cloudy sky with haze,07-Apr,Generally cloudy sky with haze,08-Apr,Generally cloudy sky with haze,09-Apr,Generally cloudy sky with one or two spells of rain or thundershowers,10-Apr,Generally cloudy sky with one or two spells of rain or thundershowers,11-Apr,Rain,12-Apr,Rain
https://city.imd.gov.in/citywx/city_weather.php?id=43278,Chennai-Nungambakkam,34.1,27.3,TRACE,NA,18:21,06:02,01:30,13:06,Generally cloudy sky with Light rain,07-Apr,Partly cloudy sky,08-Apr,Partly cloudy sky,09-Apr,Partly cloudy sky,10-Apr,Partly cloudy sky,11-Apr,Partly cloudy sky,12-Apr,Rain
https://city.imd.gov.in/citywx/city_weather.php?id=43377,Kanyakumari,34.8,25.5,NIL,80,18:30,06:15,01:31,13:27,Generally cloudy sky with Light rain,07-Apr,Generally cloudy sky with Light rain,08-Apr,Generally cloudy sky with Light rain,09-Apr,Generally cloudy sky with Light rain,10-Apr,Partly cloudy sky,11-Apr,Rain,12-Apr,Rain
https://city.imd.gov.in/citywx/city_weather.php?id=43360,Madurai,38.0,25.5,1,45,18:28,06:12,01:32,13:21,Generally cloudy sky with Light rain,07-Apr,Generally cloudy sky with Light rain,08-Apr,Partly cloudy sky,09-Apr,Partly cloudy sky,10-Apr,Partly cloudy sky,11-Apr,Partly cloudy sky,12-Apr,Partly cloudy sky
https://city.imd.gov.in/citywx/city_weather.php?id=42503,Malda,35.0,25.6,NIL,64,17:56,05:24,01:24,12:08,Partly cloudy sky with possibility of moderate rain or Thunderstorm,07-Apr,Partly cloudy sky with possibility of development of thunder lightning,08-Apr,Partly cloudy sky with possibility of moderate rain or Thunderstorm,09-Apr,Partly cloudy sky with possibility of development of thunder lightning,10-Apr,Thunderstorm with rain,11-Apr,Partly cloudy sky with possibility of rain or Thunderstorm,12-Apr,Partly cloudy sky with possibility of rain or Thunderstorm
https://city.imd.gov.in/citywx/city_weather.php?id=42399,Jalpaiguri,33.4,20.3,NIL,57,17:54,05:21,01:26,12:02,Partly cloudy sky with possibility of moderate rain or Thunderstorm,07-Apr,Partly cloudy sky with possibility of moderate rain or Thunderstorm,08-Apr,Rain or Thundershowers with strong gusty winds,09-Apr,Thunderstorm with rain,10-Apr,Thunderstorm with rain,11-Apr,Generally cloudy sky with possibility of rain or Thunderstorm,12-Apr,Generally cloudy sky with possibility of rain or Thunderstorm
https://city.imd.gov.in/citywx/city_weather.php?id=42809,Kolkata-Dum Dum ,37.4,27.2,NIL,60,17:53,05:24,01:17,12:12,Partly cloudy sky with possibility of moderate rain or Thunderstorm,07-Apr,Partly cloudy sky with possibility of development of thunder lightning,08-Apr,Partly cloudy sky with possibility of development of thunder lightning,09-Apr,Partly cloudy sky with possibility of development of thunder lightning,10-Apr,Partly cloudy sky with possibility of development of thunder lightning,11-Apr,Partly cloudy sky with possibility of rain or Thunderstorm,12-Apr,Partly cloudy sky with possibility of rain or Thunderstorm
https://city.imd.gov.in/citywx/city_weather.php?id=43017,Parbhani,40.7,22.8,NIL,28,18:38,06:13,01:57,13:08,Mainly Clear sky,07-Apr,Mainly Clear sky,08-Apr,Mainly Clear sky,09-Apr,Mainly Clear sky,10-Apr,Clear sky,11-Apr,Mainly Clear sky,12-Apr,Mainly Clear sky
https://city.imd.gov.in/citywx/city_weather.php?id=43157,Kolhapur,38.1,23.0,NIL,26,18:47,06:24,02:02,13:24,Mainly Clear sky,07-Apr,Mainly Clear sky,08-Apr,Mainly Clear sky,09-Apr,Mainly Clear sky,10-Apr,Partly cloudy sky,11-Apr,Partly cloudy sky,12-Apr,Partly cloudy sky
https://city.imd.gov.in/citywx/city_weather.php?id=43014,Aurangabad,40.2,23.2,NIL,33,18:37,06:40,04:49,16:14,Mainly Clear sky,07-Apr,Mainly Clear sky,08-Apr,Mainly Clear sky,09-Apr,Mainly Clear sky,10-Apr,Clear sky,11-Apr,Mainly Clear sky,12-Apr,Mainly Clear sky
https://city.imd.gov.in/citywx/city_weather.php?id=42937,Amravati,NA,21.3,NIL,NA,18:35,06:08,01:57,13:00,Mainly Clear sky,07-Apr,Mainly Clear sky,08-Apr,Partly cloudy sky,09-Apr,Partly cloudy sky,10-Apr,Partly cloudy sky,11-Apr,Partly cloudy sky,12-Apr,Partly cloudy sky
https://city.imd.gov.in/citywx/city_weather.php?id=43121,Kalaburgi,39.8,23.2,5,26,18:37,06:13,01:53,13:12,Partly cloudy sky with one or two spells of rain or thundershowers,07-Apr,Generally cloudy sky with Light rain,08-Apr,Partly cloudy sky with haze,09-Apr,Partly cloudy sky with haze,10-Apr,Partly cloudy sky,11-Apr,Partly cloudy sky,"",""
https://city.imd.gov.in/citywx/city_weather.php?id=42867,Nagpur-Sonegaon Airport,42.2,21.2,NIL,18,18:30,06:03,01:52,12:55,Mainly Clear sky,07-Apr,Mainly Clear sky,08-Apr,Partly cloudy sky,09-Apr,Partly cloudy sky,10-Apr,Partly cloudy sky,11-Apr,Partly cloudy sky,12-Apr,Partly cloudy sky
